match_id,date,home_team,away_team,home_score,away_score,tournament,city,country,neutral,year,decade,total_goals,goal_difference,absolute_goal_difference,match_result,is_draw,home_win,away_win,winner,loser,dominant_win,neutral_match,is_world_cup,world_cup_year,tournament_category
26432,2002-05-31,France,Senegal,0,1,FIFA World Cup,Seoul,South Korea,True,2002,2000,1,-1,1,away_win,False,False,True,Senegal,France,False,True,True,2002,World Cup (final tournament)
26433,2002-06-01,Uruguay,Denmark,1,2,FIFA World Cup,Ulsan,South Korea,True,2002,2000,3,-1,1,away_win,False,False,True,Denmark,Uruguay,False,True,True,2002,World Cup (final tournament)
26434,2002-06-01,Germany,Saudi Arabia,8,0,FIFA World Cup,Sapporo,Japan,True,2002,2000,8,8,8,home_win,False,True,False,Germany,Saudi Arabia,True,True,True,2002,World Cup (final tournament)
26435,2002-06-01,Republic of Ireland,Cameroon,1,1,FIFA World Cup,Niigata,Japan,True,2002,2000,2,0,0,draw,True,False,False,,,False,True,True,2002,World Cup (final tournament)
26436,2002-06-02,Argentina,Nigeria,1,0,FIFA World Cup,Kashima,Japan,True,2002,2000,1,1,1,home_win,False,True,False,Argentina,Nigeria,False,True,True,2002,World Cup (final tournament)
26437,2002-06-02,England,Sweden,1,1,FIFA World Cup,Saitama,Japan,True,2002,2000,2,0,0,draw,True,False,False,,,False,True,True,2002,World Cup (final tournament)
26438,2002-06-02,Paraguay,South Africa,2,2,FIFA World Cup,Busan,South Korea,True,2002,2000,4,0,0,draw,True,False,False,,,False,True,True,2002,World Cup (final tournament)
26439,2002-06-02,Spain,Slovenia,3,1,FIFA World Cup,Gwangju,South Korea,True,2002,2000,4,2,2,home_win,False,True,False,Spain,Slovenia,False,True,True,2002,World Cup (final tournament)
26440,2002-06-03,Brazil,Turkey,2,1,FIFA World Cup,Ulsan,South Korea,True,2002,2000,3,1,1,home_win,False,True,False,Brazil,Turkey,False,True,True,2002,World Cup (final tournament)
26441,2002-06-03,Croatia,Mexico,0,1,FIFA World Cup,Niigata,Japan,True,2002,2000,1,-1,1,away_win,False,False,True,Mexico,Croatia,False,True,True,2002,World Cup (final tournament)
26442,2002-06-03,Italy,Ecuador,2,0,FIFA World Cup,Sapporo,Japan,True,2002,2000,2,2,2,home_win,False,True,False,Italy,Ecuador,False,True,True,2002,World Cup (final tournament)
26443,2002-06-04,China PR,Costa Rica,0,2,FIFA World Cup,Gwangju,South Korea,True,2002,2000,2,-2,2,away_win,False,False,True,Costa Rica,China PR,False,True,True,2002,World Cup (final tournament)
26444,2002-06-04,Japan,Belgium,2,2,FIFA World Cup,Saitama,Japan,False,2002,2000,4,0,0,draw,True,False,False,,,False,False,True,2002,World Cup (final tournament)
26445,2002-06-04,South Korea,Poland,2,0,FIFA World Cup,Busan,South Korea,False,2002,2000,2,2,2,home_win,False,True,False,South Korea,Poland,False,False,True,2002,World Cup (final tournament)
26446,2002-06-05,United States,Portugal,3,2,FIFA World Cup,Suwon,South Korea,True,2002,2000,5,1,1,home_win,False,True,False,United States,Portugal,False,True,True,2002,World Cup (final tournament)
26447,2002-06-05,Germany,Republic of Ireland,1,1,FIFA World Cup,Kashima,Japan,True,2002,2000,2,0,0,draw,True,False,False,,,False,True,True,2002,World Cup (final tournament)
26448,2002-06-05,Russia,Tunisia,2,0,FIFA World Cup,Kobe,Japan,True,2002,2000,2,2,2,home_win,False,True,False,Russia,Tunisia,False,True,True,2002,World Cup (final tournament)
26449,2002-06-06,Cameroon,Saudi Arabia,1,0,FIFA World Cup,Saitama,Japan,True,2002,2000,1,1,1,home_win,False,True,False,Cameroon,Saudi Arabia,False,True,True,2002,World Cup (final tournament)
26450,2002-06-06,Denmark,Senegal,1,1,FIFA World Cup,Daegu,South Korea,True,2002,2000,2,0,0,draw,True,False,False,,,False,True,True,2002,World Cup (final tournament)
26451,2002-06-06,France,Uruguay,0,0,FIFA World Cup,Busan,South Korea,True,2002,2000,0,0,0,draw,True,False,False,,,False,True,True,2002,World Cup (final tournament)
26454,2002-06-07,Argentina,England,0,1,FIFA World Cup,Sapporo,Japan,True,2002,2000,1,-1,1,away_win,False,False,True,England,Argentina,False,True,True,2002,World Cup (final tournament)
26455,2002-06-07,Spain,Paraguay,3,1,FIFA World Cup,Jeonju,South Korea,True,2002,2000,4,2,2,home_win,False,True,False,Spain,Paraguay,False,True,True,2002,World Cup (final tournament)
26456,2002-06-07,Sweden,Nigeria,2,1,FIFA World Cup,Kobe,Japan,True,2002,2000,3,1,1,home_win,False,True,False,Sweden,Nigeria,False,True,True,2002,World Cup (final tournament)
26457,2002-06-08,South Africa,Slovenia,1,0,FIFA World Cup,Daegu,South Korea,True,2002,2000,1,1,1,home_win,False,True,False,South Africa,Slovenia,False,True,True,2002,World Cup (final tournament)
26459,2002-06-08,Italy,Croatia,1,2,FIFA World Cup,Kashima,Japan,True,2002,2000,3,-1,1,away_win,False,False,True,Croatia,Italy,False,True,True,2002,World Cup (final tournament)
26460,2002-06-08,Brazil,China PR,4,0,FIFA World Cup,Seogwipo,South Korea,True,2002,2000,4,4,4,home_win,False,True,False,Brazil,China PR,True,True,True,2002,World Cup (final tournament)
26461,2002-06-09,Costa Rica,Turkey,1,1,FIFA World Cup,Incheon,South Korea,True,2002,2000,2,0,0,draw,True,False,False,,,False,True,True,2002,World Cup (final tournament)
26462,2002-06-09,Japan,Russia,1,0,FIFA World Cup,Yokohama,Japan,False,2002,2000,1,1,1,home_win,False,True,False,Japan,Russia,False,False,True,2002,World Cup (final tournament)
26464,2002-06-09,Mexico,Ecuador,2,1,FIFA World Cup,Rifu,Japan,True,2002,2000,3,1,1,home_win,False,True,False,Mexico,Ecuador,False,True,True,2002,World Cup (final tournament)
26465,2002-06-10,South Korea,United States,1,1,FIFA World Cup,Daegu,South Korea,False,2002,2000,2,0,0,draw,True,False,False,,,False,False,True,2002,World Cup (final tournament)
26466,2002-06-10,Portugal,Poland,4,0,FIFA World Cup,Jeonju,South Korea,True,2002,2000,4,4,4,home_win,False,True,False,Portugal,Poland,True,True,True,2002,World Cup (final tournament)
26467,2002-06-10,Tunisia,Belgium,1,1,FIFA World Cup,Ōita,Japan,True,2002,2000,2,0,0,draw,True,False,False,,,False,True,True,2002,World Cup (final tournament)
26468,2002-06-11,Senegal,Uruguay,3,3,FIFA World Cup,Suwon,South Korea,True,2002,2000,6,0,0,draw,True,False,False,,,False,True,True,2002,World Cup (final tournament)
26469,2002-06-11,Saudi Arabia,Republic of Ireland,0,3,FIFA World Cup,Yokohama,Japan,True,2002,2000,3,-3,3,away_win,False,False,True,Republic of Ireland,Saudi Arabia,True,True,True,2002,World Cup (final tournament)
26470,2002-06-11,Cameroon,Germany,0,2,FIFA World Cup,Fukuroi,Japan,True,2002,2000,2,-2,2,away_win,False,False,True,Germany,Cameroon,False,True,True,2002,World Cup (final tournament)
26471,2002-06-11,Denmark,France,2,0,FIFA World Cup,Incheon,South Korea,True,2002,2000,2,2,2,home_win,False,True,False,Denmark,France,False,True,True,2002,World Cup (final tournament)
26472,2002-06-12,Nigeria,England,0,0,FIFA World Cup,Osaka,Japan,True,2002,2000,0,0,0,draw,True,False,False,,,False,True,True,2002,World Cup (final tournament)
26473,2002-06-12,Slovenia,Paraguay,1,3,FIFA World Cup,Seogwipo,South Korea,True,2002,2000,4,-2,2,away_win,False,False,True,Paraguay,Slovenia,False,True,True,2002,World Cup (final tournament)
26474,2002-06-12,South Africa,Spain,2,3,FIFA World Cup,Daejeon,South Korea,True,2002,2000,5,-1,1,away_win,False,False,True,Spain,South Africa,False,True,True,2002,World Cup (final tournament)
26475,2002-06-12,Sweden,Argentina,1,1,FIFA World Cup,Rifu,Japan,True,2002,2000,2,0,0,draw,True,False,False,,,False,True,True,2002,World Cup (final tournament)
26476,2002-06-13,Costa Rica,Brazil,2,5,FIFA World Cup,Suwon,South Korea,True,2002,2000,7,-3,3,away_win,False,False,True,Brazil,Costa Rica,True,True,True,2002,World Cup (final tournament)
26477,2002-06-13,Ecuador,Croatia,1,0,FIFA World Cup,Yokohama,Japan,True,2002,2000,1,1,1,home_win,False,True,False,Ecuador,Croatia,False,True,True,2002,World Cup (final tournament)
26478,2002-06-13,Mexico,Italy,1,1,FIFA World Cup,Ōita,Japan,True,2002,2000,2,0,0,draw,True,False,False,,,False,True,True,2002,World Cup (final tournament)
26479,2002-06-13,Turkey,China PR,3,0,FIFA World Cup,Seoul,South Korea,True,2002,2000,3,3,3,home_win,False,True,False,Turkey,China PR,True,True,True,2002,World Cup (final tournament)
26480,2002-06-14,Poland,United States,3,1,FIFA World Cup,Daejeon,South Korea,True,2002,2000,4,2,2,home_win,False,True,False,Poland,United States,False,True,True,2002,World Cup (final tournament)
26481,2002-06-14,South Korea,Portugal,1,0,FIFA World Cup,Incheon,South Korea,False,2002,2000,1,1,1,home_win,False,True,False,South Korea,Portugal,False,False,True,2002,World Cup (final tournament)
26482,2002-06-14,Belgium,Russia,3,2,FIFA World Cup,Fukuroi,Japan,True,2002,2000,5,1,1,home_win,False,True,False,Belgium,Russia,False,True,True,2002,World Cup (final tournament)
26483,2002-06-14,Japan,Tunisia,2,0,FIFA World Cup,Osaka,Japan,False,2002,2000,2,2,2,home_win,False,True,False,Japan,Tunisia,False,False,True,2002,World Cup (final tournament)
26484,2002-06-15,Denmark,England,0,3,FIFA World Cup,Niigata,Japan,True,2002,2000,3,-3,3,away_win,False,False,True,England,Denmark,True,True,True,2002,World Cup (final tournament)
26485,2002-06-15,Germany,Paraguay,1,0,FIFA World Cup,Seogwipo,South Korea,True,2002,2000,1,1,1,home_win,False,True,False,Germany,Paraguay,False,True,True,2002,World Cup (final tournament)
26486,2002-06-16,Spain,Republic of Ireland,1,1,FIFA World Cup,Suwon,South Korea,True,2002,2000,2,0,0,draw,True,False,False,,,False,True,True,2002,World Cup (final tournament)
26487,2002-06-16,Sweden,Senegal,1,2,FIFA World Cup,Ōita,Japan,True,2002,2000,3,-1,1,away_win,False,False,True,Senegal,Sweden,False,True,True,2002,World Cup (final tournament)
26488,2002-06-17,Brazil,Belgium,2,0,FIFA World Cup,Kobe,Japan,True,2002,2000,2,2,2,home_win,False,True,False,Brazil,Belgium,False,True,True,2002,World Cup (final tournament)
26489,2002-06-17,Mexico,United States,0,2,FIFA World Cup,Jeonju,South Korea,True,2002,2000,2,-2,2,away_win,False,False,True,United States,Mexico,False,True,True,2002,World Cup (final tournament)
26490,2002-06-18,Japan,Turkey,0,1,FIFA World Cup,Rifu,Japan,False,2002,2000,1,-1,1,away_win,False,False,True,Turkey,Japan,False,False,True,2002,World Cup (final tournament)
26491,2002-06-18,South Korea,Italy,2,1,FIFA World Cup,Daejeon,South Korea,False,2002,2000,3,1,1,home_win,False,True,False,South Korea,Italy,False,False,True,2002,World Cup (final tournament)
26492,2002-06-21,Germany,United States,1,0,FIFA World Cup,Ulsan,South Korea,True,2002,2000,1,1,1,home_win,False,True,False,Germany,United States,False,True,True,2002,World Cup (final tournament)
26493,2002-06-21,England,Brazil,1,2,FIFA World Cup,Fukuroi,Japan,True,2002,2000,3,-1,1,away_win,False,False,True,Brazil,England,False,True,True,2002,World Cup (final tournament)
26495,2002-06-22,South Korea,Spain,0,0,FIFA World Cup,Gwangju,South Korea,False,2002,2000,0,0,0,draw,True,False,False,,,False,False,True,2002,World Cup (final tournament)
26496,2002-06-22,Senegal,Turkey,0,1,FIFA World Cup,Osaka,Japan,True,2002,2000,1,-1,1,away_win,False,False,True,Turkey,Senegal,False,True,True,2002,World Cup (final tournament)
26498,2002-06-25,South Korea,Germany,0,1,FIFA World Cup,Seoul,South Korea,False,2002,2000,1,-1,1,away_win,False,False,True,Germany,South Korea,False,False,True,2002,World Cup (final tournament)
26500,2002-06-26,Brazil,Turkey,1,0,FIFA World Cup,Saitama,Japan,True,2002,2000,1,1,1,home_win,False,True,False,Brazil,Turkey,False,True,True,2002,World Cup (final tournament)
26501,2002-06-29,South Korea,Turkey,2,3,FIFA World Cup,Daegu,South Korea,False,2002,2000,5,-1,1,away_win,False,False,True,Turkey,South Korea,False,False,True,2002,World Cup (final tournament)
26503,2002-06-30,Germany,Brazil,0,2,FIFA World Cup,Yokohama,Japan,True,2002,2000,2,-2,2,away_win,False,False,True,Brazil,Germany,False,True,True,2002,World Cup (final tournament)
30033,2006-06-09,Germany,Costa Rica,4,2,FIFA World Cup,Munich,Germany,False,2006,2000,6,2,2,home_win,False,True,False,Germany,Costa Rica,False,False,True,2006,World Cup (final tournament)
30034,2006-06-09,Poland,Ecuador,0,2,FIFA World Cup,Gelsenkirchen,Germany,True,2006,2000,2,-2,2,away_win,False,False,True,Ecuador,Poland,False,True,True,2006,World Cup (final tournament)
30035,2006-06-10,Trinidad and Tobago,Sweden,0,0,FIFA World Cup,Dortmund,Germany,True,2006,2000,0,0,0,draw,True,False,False,,,False,True,True,2006,World Cup (final tournament)
30036,2006-06-10,England,Paraguay,1,0,FIFA World Cup,Frankfurt am Main,Germany,True,2006,2000,1,1,1,home_win,False,True,False,England,Paraguay,False,True,True,2006,World Cup (final tournament)
30037,2006-06-10,Argentina,Ivory Coast,2,1,FIFA World Cup,Hamburg,Germany,True,2006,2000,3,1,1,home_win,False,True,False,Argentina,Ivory Coast,False,True,True,2006,World Cup (final tournament)
30038,2006-06-11,Angola,Portugal,0,1,FIFA World Cup,Cologne,Germany,True,2006,2000,1,-1,1,away_win,False,False,True,Portugal,Angola,False,True,True,2006,World Cup (final tournament)
30039,2006-06-11,Mexico,Iran,3,1,FIFA World Cup,Nuremberg,Germany,True,2006,2000,4,2,2,home_win,False,True,False,Mexico,Iran,False,True,True,2006,World Cup (final tournament)
30040,2006-06-11,Serbia,Netherlands,0,1,FIFA World Cup,Leipzig,Germany,True,2006,2000,1,-1,1,away_win,False,False,True,Netherlands,Serbia,False,True,True,2006,World Cup (final tournament)
30041,2006-06-12,Australia,Japan,3,1,FIFA World Cup,Kaiserslautern,Germany,True,2006,2000,4,2,2,home_win,False,True,False,Australia,Japan,False,True,True,2006,World Cup (final tournament)
30042,2006-06-12,Italy,Ghana,2,0,FIFA World Cup,Hanover,Germany,True,2006,2000,2,2,2,home_win,False,True,False,Italy,Ghana,False,True,True,2006,World Cup (final tournament)
30043,2006-06-12,United States,Czech Republic,0,3,FIFA World Cup,Gelsenkirchen,Germany,True,2006,2000,3,-3,3,away_win,False,False,True,Czech Republic,United States,True,True,True,2006,World Cup (final tournament)
30044,2006-06-13,South Korea,Togo,2,1,FIFA World Cup,Frankfurt am Main,Germany,True,2006,2000,3,1,1,home_win,False,True,False,South Korea,Togo,False,True,True,2006,World Cup (final tournament)
30045,2006-06-13,Brazil,Croatia,1,0,FIFA World Cup,Berlin,Germany,True,2006,2000,1,1,1,home_win,False,True,False,Brazil,Croatia,False,True,True,2006,World Cup (final tournament)
30046,2006-06-13,France,Switzerland,0,0,FIFA World Cup,Stuttgart,Germany,True,2006,2000,0,0,0,draw,True,False,False,,,False,True,True,2006,World Cup (final tournament)
30047,2006-06-14,Tunisia,Saudi Arabia,2,2,FIFA World Cup,Munich,Germany,True,2006,2000,4,0,0,draw,True,False,False,,,False,True,True,2006,World Cup (final tournament)
30048,2006-06-14,Spain,Ukraine,4,0,FIFA World Cup,Leipzig,Germany,True,2006,2000,4,4,4,home_win,False,True,False,Spain,Ukraine,True,True,True,2006,World Cup (final tournament)
30049,2006-06-14,Germany,Poland,1,0,FIFA World Cup,Dortmund,Germany,False,2006,2000,1,1,1,home_win,False,True,False,Germany,Poland,False,False,True,2006,World Cup (final tournament)
30050,2006-06-15,Ecuador,Costa Rica,3,0,FIFA World Cup,Hamburg,Germany,True,2006,2000,3,3,3,home_win,False,True,False,Ecuador,Costa Rica,True,True,True,2006,World Cup (final tournament)
30051,2006-06-15,England,Trinidad and Tobago,2,0,FIFA World Cup,Nuremberg,Germany,True,2006,2000,2,2,2,home_win,False,True,False,England,Trinidad and Tobago,False,True,True,2006,World Cup (final tournament)
30052,2006-06-15,Sweden,Paraguay,1,0,FIFA World Cup,Berlin,Germany,True,2006,2000,1,1,1,home_win,False,True,False,Sweden,Paraguay,False,True,True,2006,World Cup (final tournament)
30053,2006-06-16,Argentina,Serbia,6,0,FIFA World Cup,Gelsenkirchen,Germany,True,2006,2000,6,6,6,home_win,False,True,False,Argentina,Serbia,True,True,True,2006,World Cup (final tournament)
30054,2006-06-16,Mexico,Angola,0,0,FIFA World Cup,Hanover,Germany,True,2006,2000,0,0,0,draw,True,False,False,,,False,True,True,2006,World Cup (final tournament)
30055,2006-06-16,Netherlands,Ivory Coast,2,1,FIFA World Cup,Stuttgart,Germany,True,2006,2000,3,1,1,home_win,False,True,False,Netherlands,Ivory Coast,False,True,True,2006,World Cup (final tournament)
30056,2006-06-17,Czech Republic,Ghana,0,2,FIFA World Cup,Cologne,Germany,True,2006,2000,2,-2,2,away_win,False,False,True,Ghana,Czech Republic,False,True,True,2006,World Cup (final tournament)
30057,2006-06-17,Italy,United States,1,1,FIFA World Cup,Kaiserslautern,Germany,True,2006,2000,2,0,0,draw,True,False,False,,,False,True,True,2006,World Cup (final tournament)
30058,2006-06-17,Portugal,Iran,2,0,FIFA World Cup,Frankfurt am Main,Germany,True,2006,2000,2,2,2,home_win,False,True,False,Portugal,Iran,False,True,True,2006,World Cup (final tournament)
30059,2006-06-18,France,South Korea,1,1,FIFA World Cup,Leipzig,Germany,True,2006,2000,2,0,0,draw,True,False,False,,,False,True,True,2006,World Cup (final tournament)
30060,2006-06-18,Japan,Croatia,0,0,FIFA World Cup,Nuremberg,Germany,True,2006,2000,0,0,0,draw,True,False,False,,,False,True,True,2006,World Cup (final tournament)
30061,2006-06-18,Brazil,Australia,2,0,FIFA World Cup,Munich,Germany,True,2006,2000,2,2,2,home_win,False,True,False,Brazil,Australia,False,True,True,2006,World Cup (final tournament)
30062,2006-06-19,Saudi Arabia,Ukraine,0,4,FIFA World Cup,Hamburg,Germany,True,2006,2000,4,-4,4,away_win,False,False,True,Ukraine,Saudi Arabia,True,True,True,2006,World Cup (final tournament)
30063,2006-06-19,Spain,Tunisia,3,1,FIFA World Cup,Stuttgart,Germany,True,2006,2000,4,2,2,home_win,False,True,False,Spain,Tunisia,False,True,True,2006,World Cup (final tournament)
30064,2006-06-19,Togo,Switzerland,0,2,FIFA World Cup,Dortmund,Germany,True,2006,2000,2,-2,2,away_win,False,False,True,Switzerland,Togo,False,True,True,2006,World Cup (final tournament)
30065,2006-06-20,Costa Rica,Poland,1,2,FIFA World Cup,Hanover,Germany,True,2006,2000,3,-1,1,away_win,False,False,True,Poland,Costa Rica,False,True,True,2006,World Cup (final tournament)
30066,2006-06-20,Germany,Ecuador,3,0,FIFA World Cup,Berlin,Germany,False,2006,2000,3,3,3,home_win,False,True,False,Germany,Ecuador,True,False,True,2006,World Cup (final tournament)
30067,2006-06-20,Paraguay,Trinidad and Tobago,2,0,FIFA World Cup,Kaiserslautern,Germany,True,2006,2000,2,2,2,home_win,False,True,False,Paraguay,Trinidad and Tobago,False,True,True,2006,World Cup (final tournament)
30068,2006-06-20,Sweden,England,2,2,FIFA World Cup,Cologne,Germany,True,2006,2000,4,0,0,draw,True,False,False,,,False,True,True,2006,World Cup (final tournament)
30069,2006-06-21,Portugal,Mexico,2,1,FIFA World Cup,Gelsenkirchen,Germany,True,2006,2000,3,1,1,home_win,False,True,False,Portugal,Mexico,False,True,True,2006,World Cup (final tournament)
30070,2006-06-21,Iran,Angola,1,1,FIFA World Cup,Leipzig,Germany,True,2006,2000,2,0,0,draw,True,False,False,,,False,True,True,2006,World Cup (final tournament)
30071,2006-06-21,Ivory Coast,Serbia,3,2,FIFA World Cup,Munich,Germany,True,2006,2000,5,1,1,home_win,False,True,False,Ivory Coast,Serbia,False,True,True,2006,World Cup (final tournament)
30072,2006-06-21,Netherlands,Argentina,0,0,FIFA World Cup,Frankfurt am Main,Germany,True,2006,2000,0,0,0,draw,True,False,False,,,False,True,True,2006,World Cup (final tournament)
30073,2006-06-22,Japan,Brazil,1,4,FIFA World Cup,Dortmund,Germany,True,2006,2000,5,-3,3,away_win,False,False,True,Brazil,Japan,True,True,True,2006,World Cup (final tournament)
30074,2006-06-22,Ghana,United States,2,1,FIFA World Cup,Nuremberg,Germany,True,2006,2000,3,1,1,home_win,False,True,False,Ghana,United States,False,True,True,2006,World Cup (final tournament)
30075,2006-06-22,Croatia,Australia,2,2,FIFA World Cup,Stuttgart,Germany,True,2006,2000,4,0,0,draw,True,False,False,,,False,True,True,2006,World Cup (final tournament)
30076,2006-06-22,Czech Republic,Italy,0,2,FIFA World Cup,Hamburg,Germany,True,2006,2000,2,-2,2,away_win,False,False,True,Italy,Czech Republic,False,True,True,2006,World Cup (final tournament)
30077,2006-06-23,Saudi Arabia,Spain,0,1,FIFA World Cup,Kaiserslautern,Germany,True,2006,2000,1,-1,1,away_win,False,False,True,Spain,Saudi Arabia,False,True,True,2006,World Cup (final tournament)
30078,2006-06-23,Switzerland,South Korea,2,0,FIFA World Cup,Hanover,Germany,True,2006,2000,2,2,2,home_win,False,True,False,Switzerland,South Korea,False,True,True,2006,World Cup (final tournament)
30079,2006-06-23,Togo,France,0,2,FIFA World Cup,Cologne,Germany,True,2006,2000,2,-2,2,away_win,False,False,True,France,Togo,False,True,True,2006,World Cup (final tournament)
30080,2006-06-23,Ukraine,Tunisia,1,0,FIFA World Cup,Berlin,Germany,True,2006,2000,1,1,1,home_win,False,True,False,Ukraine,Tunisia,False,True,True,2006,World Cup (final tournament)
30081,2006-06-24,Argentina,Mexico,2,1,FIFA World Cup,Leipzig,Germany,True,2006,2000,3,1,1,home_win,False,True,False,Argentina,Mexico,False,True,True,2006,World Cup (final tournament)
30082,2006-06-24,Germany,Sweden,2,0,FIFA World Cup,Munich,Germany,False,2006,2000,2,2,2,home_win,False,True,False,Germany,Sweden,False,False,True,2006,World Cup (final tournament)
30086,2006-06-25,Portugal,Netherlands,1,0,FIFA World Cup,Nuremberg,Germany,True,2006,2000,1,1,1,home_win,False,True,False,Portugal,Netherlands,False,True,True,2006,World Cup (final tournament)
30087,2006-06-25,England,Ecuador,1,0,FIFA World Cup,Stuttgart,Germany,True,2006,2000,1,1,1,home_win,False,True,False,England,Ecuador,False,True,True,2006,World Cup (final tournament)
30089,2006-06-26,Italy,Australia,1,0,FIFA World Cup,Kaiserslautern,Germany,True,2006,2000,1,1,1,home_win,False,True,False,Italy,Australia,False,True,True,2006,World Cup (final tournament)
30091,2006-06-26,Switzerland,Ukraine,0,0,FIFA World Cup,Cologne,Germany,True,2006,2000,0,0,0,draw,True,False,False,,,False,True,True,2006,World Cup (final tournament)
30092,2006-06-27,Brazil,Ghana,3,0,FIFA World Cup,Dortmund,Germany,True,2006,2000,3,3,3,home_win,False,True,False,Brazil,Ghana,True,True,True,2006,World Cup (final tournament)
30093,2006-06-27,Spain,France,1,3,FIFA World Cup,Hanover,Germany,True,2006,2000,4,-2,2,away_win,False,False,True,France,Spain,False,True,True,2006,World Cup (final tournament)
30095,2006-06-30,Germany,Argentina,1,1,FIFA World Cup,Berlin,Germany,False,2006,2000,2,0,0,draw,True,False,False,,,False,False,True,2006,World Cup (final tournament)
30096,2006-06-30,Italy,Ukraine,3,0,FIFA World Cup,Hamburg,Germany,True,2006,2000,3,3,3,home_win,False,True,False,Italy,Ukraine,True,True,True,2006,World Cup (final tournament)
30098,2006-07-01,Brazil,France,0,1,FIFA World Cup,Frankfurt am Main,Germany,True,2006,2000,1,-1,1,away_win,False,False,True,France,Brazil,False,True,True,2006,World Cup (final tournament)
30099,2006-07-01,England,Portugal,0,0,FIFA World Cup,Gelsenkirchen,Germany,True,2006,2000,0,0,0,draw,True,False,False,,,False,True,True,2006,World Cup (final tournament)
30101,2006-07-04,Germany,Italy,0,2,FIFA World Cup,Dortmund,Germany,False,2006,2000,2,-2,2,away_win,False,False,True,Italy,Germany,False,False,True,2006,World Cup (final tournament)
30102,2006-07-05,Portugal,France,0,1,FIFA World Cup,Munich,Germany,True,2006,2000,1,-1,1,away_win,False,False,True,France,Portugal,False,True,True,2006,World Cup (final tournament)
30105,2006-07-08,Germany,Portugal,3,1,FIFA World Cup,Stuttgart,Germany,False,2006,2000,4,2,2,home_win,False,True,False,Germany,Portugal,False,False,True,2006,World Cup (final tournament)
30107,2006-07-09,Italy,France,1,1,FIFA World Cup,Berlin,Germany,True,2006,2000,2,0,0,draw,True,False,False,,,False,True,True,2006,World Cup (final tournament)
33859,2010-06-11,South Africa,Mexico,1,1,FIFA World Cup,Johannesburg,South Africa,False,2010,2010,2,0,0,draw,True,False,False,,,False,False,True,2010,World Cup (final tournament)
33860,2010-06-11,Uruguay,France,0,0,FIFA World Cup,Cape Town,South Africa,True,2010,2010,0,0,0,draw,True,False,False,,,False,True,True,2010,World Cup (final tournament)
33861,2010-06-12,South Korea,Greece,2,0,FIFA World Cup,Port Elizabeth,South Africa,True,2010,2010,2,2,2,home_win,False,True,False,South Korea,Greece,False,True,True,2010,World Cup (final tournament)
33862,2010-06-12,Argentina,Nigeria,1,0,FIFA World Cup,Johannesburg,South Africa,True,2010,2010,1,1,1,home_win,False,True,False,Argentina,Nigeria,False,True,True,2010,World Cup (final tournament)
33863,2010-06-12,England,United States,1,1,FIFA World Cup,Rustenburg,South Africa,True,2010,2010,2,0,0,draw,True,False,False,,,False,True,True,2010,World Cup (final tournament)
33864,2010-06-13,Serbia,Ghana,0,1,FIFA World Cup,Pretoria,South Africa,True,2010,2010,1,-1,1,away_win,False,False,True,Ghana,Serbia,False,True,True,2010,World Cup (final tournament)
33865,2010-06-13,Germany,Australia,4,0,FIFA World Cup,Durban,South Africa,True,2010,2010,4,4,4,home_win,False,True,False,Germany,Australia,True,True,True,2010,World Cup (final tournament)
33866,2010-06-13,Algeria,Slovenia,0,1,FIFA World Cup,Polokwane,South Africa,True,2010,2010,1,-1,1,away_win,False,False,True,Slovenia,Algeria,False,True,True,2010,World Cup (final tournament)
33867,2010-06-14,Italy,Paraguay,1,1,FIFA World Cup,Cape Town,South Africa,True,2010,2010,2,0,0,draw,True,False,False,,,False,True,True,2010,World Cup (final tournament)
33868,2010-06-14,Japan,Cameroon,1,0,FIFA World Cup,Bloemfontein,South Africa,True,2010,2010,1,1,1,home_win,False,True,False,Japan,Cameroon,False,True,True,2010,World Cup (final tournament)
33869,2010-06-14,Netherlands,Denmark,2,0,FIFA World Cup,Johannesburg,South Africa,True,2010,2010,2,2,2,home_win,False,True,False,Netherlands,Denmark,False,True,True,2010,World Cup (final tournament)
33870,2010-06-15,Brazil,North Korea,2,1,FIFA World Cup,Johannesburg,South Africa,True,2010,2010,3,1,1,home_win,False,True,False,Brazil,North Korea,False,True,True,2010,World Cup (final tournament)
33871,2010-06-15,Ivory Coast,Portugal,0,0,FIFA World Cup,Port Elizabeth,South Africa,True,2010,2010,0,0,0,draw,True,False,False,,,False,True,True,2010,World Cup (final tournament)
33872,2010-06-15,New Zealand,Slovakia,1,1,FIFA World Cup,Rustenburg,South Africa,True,2010,2010,2,0,0,draw,True,False,False,,,False,True,True,2010,World Cup (final tournament)
33873,2010-06-16,Honduras,Chile,0,1,FIFA World Cup,Nelspruit,South Africa,True,2010,2010,1,-1,1,away_win,False,False,True,Chile,Honduras,False,True,True,2010,World Cup (final tournament)
33874,2010-06-16,South Africa,Uruguay,0,3,FIFA World Cup,Pretoria,South Africa,False,2010,2010,3,-3,3,away_win,False,False,True,Uruguay,South Africa,True,False,True,2010,World Cup (final tournament)
33875,2010-06-16,Spain,Switzerland,0,1,FIFA World Cup,Durban,South Africa,True,2010,2010,1,-1,1,away_win,False,False,True,Switzerland,Spain,False,True,True,2010,World Cup (final tournament)
33876,2010-06-17,France,Mexico,0,2,FIFA World Cup,Polokwane,South Africa,True,2010,2010,2,-2,2,away_win,False,False,True,Mexico,France,False,True,True,2010,World Cup (final tournament)
33877,2010-06-17,Greece,Nigeria,2,1,FIFA World Cup,Bloemfontein,South Africa,True,2010,2010,3,1,1,home_win,False,True,False,Greece,Nigeria,False,True,True,2010,World Cup (final tournament)
33878,2010-06-17,Argentina,South Korea,4,1,FIFA World Cup,Johannesburg,South Africa,True,2010,2010,5,3,3,home_win,False,True,False,Argentina,South Korea,True,True,True,2010,World Cup (final tournament)
33879,2010-06-18,England,Algeria,0,0,FIFA World Cup,Cape Town,South Africa,True,2010,2010,0,0,0,draw,True,False,False,,,False,True,True,2010,World Cup (final tournament)
33880,2010-06-18,Germany,Serbia,0,1,FIFA World Cup,Port Elizabeth,South Africa,True,2010,2010,1,-1,1,away_win,False,False,True,Serbia,Germany,False,True,True,2010,World Cup (final tournament)
33882,2010-06-18,Slovenia,United States,2,2,FIFA World Cup,Johannesburg,South Africa,True,2010,2010,4,0,0,draw,True,False,False,,,False,True,True,2010,World Cup (final tournament)
33883,2010-06-19,Cameroon,Denmark,1,2,FIFA World Cup,Pretoria,South Africa,True,2010,2010,3,-1,1,away_win,False,False,True,Denmark,Cameroon,False,True,True,2010,World Cup (final tournament)
33885,2010-06-19,Ghana,Australia,1,1,FIFA World Cup,Rustenburg,South Africa,True,2010,2010,2,0,0,draw,True,False,False,,,False,True,True,2010,World Cup (final tournament)
33886,2010-06-19,Netherlands,Japan,1,0,FIFA World Cup,Durban,South Africa,True,2010,2010,1,1,1,home_win,False,True,False,Netherlands,Japan,False,True,True,2010,World Cup (final tournament)
33890,2010-06-20,Slovakia,Paraguay,0,2,FIFA World Cup,Bloemfontein,South Africa,True,2010,2010,2,-2,2,away_win,False,False,True,Paraguay,Slovakia,False,True,True,2010,World Cup (final tournament)
33891,2010-06-20,Brazil,Ivory Coast,3,1,FIFA World Cup,Johannesburg,South Africa,True,2010,2010,4,2,2,home_win,False,True,False,Brazil,Ivory Coast,False,True,True,2010,World Cup (final tournament)
33892,2010-06-20,Italy,New Zealand,1,1,FIFA World Cup,Nelspruit,South Africa,True,2010,2010,2,0,0,draw,True,False,False,,,False,True,True,2010,World Cup (final tournament)
33894,2010-06-21,Chile,Switzerland,1,0,FIFA World Cup,Port Elizabeth,South Africa,True,2010,2010,1,1,1,home_win,False,True,False,Chile,Switzerland,False,True,True,2010,World Cup (final tournament)
33895,2010-06-21,Portugal,North Korea,7,0,FIFA World Cup,Cape Town,South Africa,True,2010,2010,7,7,7,home_win,False,True,False,Portugal,North Korea,True,True,True,2010,World Cup (final tournament)
33896,2010-06-21,Spain,Honduras,2,0,FIFA World Cup,Johannesburg,South Africa,True,2010,2010,2,2,2,home_win,False,True,False,Spain,Honduras,False,True,True,2010,World Cup (final tournament)
33897,2010-06-22,Greece,Argentina,0,2,FIFA World Cup,Polokwane,South Africa,True,2010,2010,2,-2,2,away_win,False,False,True,Argentina,Greece,False,True,True,2010,World Cup (final tournament)
33898,2010-06-22,Mexico,Uruguay,0,1,FIFA World Cup,Rustenburg,South Africa,True,2010,2010,1,-1,1,away_win,False,False,True,Uruguay,Mexico,False,True,True,2010,World Cup (final tournament)
33899,2010-06-22,Nigeria,South Korea,2,2,FIFA World Cup,Durban,South Africa,True,2010,2010,4,0,0,draw,True,False,False,,,False,True,True,2010,World Cup (final tournament)
33900,2010-06-22,South Africa,France,2,1,FIFA World Cup,Bloemfontein,South Africa,False,2010,2010,3,1,1,home_win,False,True,False,South Africa,France,False,False,True,2010,World Cup (final tournament)
33901,2010-06-23,United States,Algeria,1,0,FIFA World Cup,Pretoria,South Africa,True,2010,2010,1,1,1,home_win,False,True,False,United States,Algeria,False,True,True,2010,World Cup (final tournament)
33902,2010-06-23,Slovenia,England,0,1,FIFA World Cup,Port Elizabeth,South Africa,True,2010,2010,1,-1,1,away_win,False,False,True,England,Slovenia,False,True,True,2010,World Cup (final tournament)
33903,2010-06-23,Australia,Serbia,2,1,FIFA World Cup,Nelspruit,South Africa,True,2010,2010,3,1,1,home_win,False,True,False,Australia,Serbia,False,True,True,2010,World Cup (final tournament)
33904,2010-06-23,Ghana,Germany,0,1,FIFA World Cup,Johannesburg,South Africa,True,2010,2010,1,-1,1,away_win,False,False,True,Germany,Ghana,False,True,True,2010,World Cup (final tournament)
33905,2010-06-24,Cameroon,Netherlands,1,2,FIFA World Cup,Cape Town,South Africa,True,2010,2010,3,-1,1,away_win,False,False,True,Netherlands,Cameroon,False,True,True,2010,World Cup (final tournament)
33906,2010-06-24,Denmark,Japan,1,3,FIFA World Cup,Rustenburg,South Africa,True,2010,2010,4,-2,2,away_win,False,False,True,Japan,Denmark,False,True,True,2010,World Cup (final tournament)
33907,2010-06-24,Paraguay,New Zealand,0,0,FIFA World Cup,Polokwane,South Africa,True,2010,2010,0,0,0,draw,True,False,False,,,False,True,True,2010,World Cup (final tournament)
33908,2010-06-24,Slovakia,Italy,3,2,FIFA World Cup,Johannesburg,South Africa,True,2010,2010,5,1,1,home_win,False,True,False,Slovakia,Italy,False,True,True,2010,World Cup (final tournament)
33909,2010-06-25,Chile,Spain,1,2,FIFA World Cup,Pretoria,South Africa,True,2010,2010,3,-1,1,away_win,False,False,True,Spain,Chile,False,True,True,2010,World Cup (final tournament)
33910,2010-06-25,North Korea,Ivory Coast,0,3,FIFA World Cup,Nelspruit,South Africa,True,2010,2010,3,-3,3,away_win,False,False,True,Ivory Coast,North Korea,True,True,True,2010,World Cup (final tournament)
33911,2010-06-25,Portugal,Brazil,0,0,FIFA World Cup,Durban,South Africa,True,2010,2010,0,0,0,draw,True,False,False,,,False,True,True,2010,World Cup (final tournament)
33912,2010-06-25,Switzerland,Honduras,0,0,FIFA World Cup,Bloemfontein,South Africa,True,2010,2010,0,0,0,draw,True,False,False,,,False,True,True,2010,World Cup (final tournament)
33913,2010-06-26,United States,Ghana,1,2,FIFA World Cup,Rustenburg,South Africa,True,2010,2010,3,-1,1,away_win,False,False,True,Ghana,United States,False,True,True,2010,World Cup (final tournament)
33914,2010-06-26,Uruguay,South Korea,2,1,FIFA World Cup,Port Elizabeth,South Africa,True,2010,2010,3,1,1,home_win,False,True,False,Uruguay,South Korea,False,True,True,2010,World Cup (final tournament)
33916,2010-06-27,Argentina,Mexico,3,1,FIFA World Cup,Johannesburg,South Africa,True,2010,2010,4,2,2,home_win,False,True,False,Argentina,Mexico,False,True,True,2010,World Cup (final tournament)
33917,2010-06-27,Germany,England,4,1,FIFA World Cup,Bloemfontein,South Africa,True,2010,2010,5,3,3,home_win,False,True,False,Germany,England,True,True,True,2010,World Cup (final tournament)
33918,2010-06-28,Brazil,Chile,3,0,FIFA World Cup,Johannesburg,South Africa,True,2010,2010,3,3,3,home_win,False,True,False,Brazil,Chile,True,True,True,2010,World Cup (final tournament)
33919,2010-06-28,Netherlands,Slovakia,2,1,FIFA World Cup,Durban,South Africa,True,2010,2010,3,1,1,home_win,False,True,False,Netherlands,Slovakia,False,True,True,2010,World Cup (final tournament)
33920,2010-06-29,Paraguay,Japan,0,0,FIFA World Cup,Pretoria,South Africa,True,2010,2010,0,0,0,draw,True,False,False,,,False,True,True,2010,World Cup (final tournament)
33921,2010-06-29,Spain,Portugal,1,0,FIFA World Cup,Cape Town,South Africa,True,2010,2010,1,1,1,home_win,False,True,False,Spain,Portugal,False,True,True,2010,World Cup (final tournament)
33924,2010-07-02,Uruguay,Ghana,1,1,FIFA World Cup,Johannesburg,South Africa,True,2010,2010,2,0,0,draw,True,False,False,,,False,True,True,2010,World Cup (final tournament)
33925,2010-07-02,Netherlands,Brazil,2,1,FIFA World Cup,Port Elizabeth,South Africa,True,2010,2010,3,1,1,home_win,False,True,False,Netherlands,Brazil,False,True,True,2010,World Cup (final tournament)
33927,2010-07-03,Argentina,Germany,0,4,FIFA World Cup,Cape Town,South Africa,True,2010,2010,4,-4,4,away_win,False,False,True,Germany,Argentina,True,True,True,2010,World Cup (final tournament)
33928,2010-07-03,Paraguay,Spain,0,1,FIFA World Cup,Johannesburg,South Africa,True,2010,2010,1,-1,1,away_win,False,False,True,Spain,Paraguay,False,True,True,2010,World Cup (final tournament)
33929,2010-07-06,Uruguay,Netherlands,2,3,FIFA World Cup,Cape Town,South Africa,True,2010,2010,5,-1,1,away_win,False,False,True,Netherlands,Uruguay,False,True,True,2010,World Cup (final tournament)
33930,2010-07-07,Germany,Spain,0,1,FIFA World Cup,Durban,South Africa,True,2010,2010,1,-1,1,away_win,False,False,True,Spain,Germany,False,True,True,2010,World Cup (final tournament)
33933,2010-07-10,Uruguay,Germany,2,3,FIFA World Cup,Port Elizabeth,South Africa,True,2010,2010,5,-1,1,away_win,False,False,True,Germany,Uruguay,False,True,True,2010,World Cup (final tournament)
33934,2010-07-11,Netherlands,Spain,0,1,FIFA World Cup,Johannesburg,South Africa,True,2010,2010,1,-1,1,away_win,False,False,True,Spain,Netherlands,False,True,True,2010,World Cup (final tournament)
37828,2014-06-12,Brazil,Croatia,3,1,FIFA World Cup,São Paulo,Brazil,False,2014,2010,4,2,2,home_win,False,True,False,Brazil,Croatia,False,False,True,2014,World Cup (final tournament)
37829,2014-06-13,Spain,Netherlands,1,5,FIFA World Cup,Salvador,Brazil,True,2014,2010,6,-4,4,away_win,False,False,True,Netherlands,Spain,True,True,True,2014,World Cup (final tournament)
37830,2014-06-13,Chile,Australia,3,1,FIFA World Cup,Cuiabá,Brazil,True,2014,2010,4,2,2,home_win,False,True,False,Chile,Australia,False,True,True,2014,World Cup (final tournament)
37831,2014-06-13,Mexico,Cameroon,1,0,FIFA World Cup,Natal,Brazil,True,2014,2010,1,1,1,home_win,False,True,False,Mexico,Cameroon,False,True,True,2014,World Cup (final tournament)
37832,2014-06-14,Colombia,Greece,3,0,FIFA World Cup,Belo Horizonte,Brazil,True,2014,2010,3,3,3,home_win,False,True,False,Colombia,Greece,True,True,True,2014,World Cup (final tournament)
37833,2014-06-14,England,Italy,1,2,FIFA World Cup,Manaus,Brazil,True,2014,2010,3,-1,1,away_win,False,False,True,Italy,England,False,True,True,2014,World Cup (final tournament)
37834,2014-06-14,Ivory Coast,Japan,2,1,FIFA World Cup,Recife,Brazil,True,2014,2010,3,1,1,home_win,False,True,False,Ivory Coast,Japan,False,True,True,2014,World Cup (final tournament)
37835,2014-06-14,Uruguay,Costa Rica,1,3,FIFA World Cup,Fortaleza,Brazil,True,2014,2010,4,-2,2,away_win,False,False,True,Costa Rica,Uruguay,False,True,True,2014,World Cup (final tournament)
37836,2014-06-15,Argentina,Bosnia and Herzegovina,2,1,FIFA World Cup,Rio de Janeiro,Brazil,True,2014,2010,3,1,1,home_win,False,True,False,Argentina,Bosnia and Herzegovina,False,True,True,2014,World Cup (final tournament)
37837,2014-06-15,France,Honduras,3,0,FIFA World Cup,Porto Alegre,Brazil,True,2014,2010,3,3,3,home_win,False,True,False,France,Honduras,True,True,True,2014,World Cup (final tournament)
37838,2014-06-15,Switzerland,Ecuador,2,1,FIFA World Cup,Brasília,Brazil,True,2014,2010,3,1,1,home_win,False,True,False,Switzerland,Ecuador,False,True,True,2014,World Cup (final tournament)
37839,2014-06-16,Iran,Nigeria,0,0,FIFA World Cup,Curitiba,Brazil,True,2014,2010,0,0,0,draw,True,False,False,,,False,True,True,2014,World Cup (final tournament)
37840,2014-06-16,Ghana,United States,1,2,FIFA World Cup,Natal,Brazil,True,2014,2010,3,-1,1,away_win,False,False,True,United States,Ghana,False,True,True,2014,World Cup (final tournament)
37841,2014-06-16,Germany,Portugal,4,0,FIFA World Cup,Salvador,Brazil,True,2014,2010,4,4,4,home_win,False,True,False,Germany,Portugal,True,True,True,2014,World Cup (final tournament)
37842,2014-06-17,Belgium,Algeria,2,1,FIFA World Cup,Belo Horizonte,Brazil,True,2014,2010,3,1,1,home_win,False,True,False,Belgium,Algeria,False,True,True,2014,World Cup (final tournament)
37843,2014-06-17,Brazil,Mexico,0,0,FIFA World Cup,Fortaleza,Brazil,False,2014,2010,0,0,0,draw,True,False,False,,,False,False,True,2014,World Cup (final tournament)
37844,2014-06-17,Russia,South Korea,1,1,FIFA World Cup,Cuiabá,Brazil,True,2014,2010,2,0,0,draw,True,False,False,,,False,True,True,2014,World Cup (final tournament)
37845,2014-06-18,Australia,Netherlands,2,3,FIFA World Cup,Curitiba,Brazil,True,2014,2010,5,-1,1,away_win,False,False,True,Netherlands,Australia,False,True,True,2014,World Cup (final tournament)
37846,2014-06-18,Cameroon,Croatia,0,4,FIFA World Cup,Manaus,Brazil,True,2014,2010,4,-4,4,away_win,False,False,True,Croatia,Cameroon,True,True,True,2014,World Cup (final tournament)
37848,2014-06-18,Spain,Chile,0,2,FIFA World Cup,Rio de Janeiro,Brazil,True,2014,2010,2,-2,2,away_win,False,False,True,Chile,Spain,False,True,True,2014,World Cup (final tournament)
37849,2014-06-19,Uruguay,England,2,1,FIFA World Cup,São Paulo,Brazil,True,2014,2010,3,1,1,home_win,False,True,False,Uruguay,England,False,True,True,2014,World Cup (final tournament)
37850,2014-06-19,Japan,Greece,0,0,FIFA World Cup,Natal,Brazil,True,2014,2010,0,0,0,draw,True,False,False,,,False,True,True,2014,World Cup (final tournament)
37851,2014-06-19,Colombia,Ivory Coast,2,1,FIFA World Cup,Brasília,Brazil,True,2014,2010,3,1,1,home_win,False,True,False,Colombia,Ivory Coast,False,True,True,2014,World Cup (final tournament)
37852,2014-06-20,Honduras,Ecuador,1,2,FIFA World Cup,Curitiba,Brazil,True,2014,2010,3,-1,1,away_win,False,False,True,Ecuador,Honduras,False,True,True,2014,World Cup (final tournament)
37853,2014-06-20,Italy,Costa Rica,0,1,FIFA World Cup,Recife,Brazil,True,2014,2010,1,-1,1,away_win,False,False,True,Costa Rica,Italy,False,True,True,2014,World Cup (final tournament)
37854,2014-06-20,Switzerland,France,2,5,FIFA World Cup,Salvador,Brazil,True,2014,2010,7,-3,3,away_win,False,False,True,France,Switzerland,True,True,True,2014,World Cup (final tournament)
37855,2014-06-21,Argentina,Iran,1,0,FIFA World Cup,Belo Horizonte,Brazil,True,2014,2010,1,1,1,home_win,False,True,False,Argentina,Iran,False,True,True,2014,World Cup (final tournament)
37856,2014-06-21,Germany,Ghana,2,2,FIFA World Cup,Fortaleza,Brazil,True,2014,2010,4,0,0,draw,True,False,False,,,False,True,True,2014,World Cup (final tournament)
37858,2014-06-21,Nigeria,Bosnia and Herzegovina,1,0,FIFA World Cup,Cuiabá,Brazil,True,2014,2010,1,1,1,home_win,False,True,False,Nigeria,Bosnia and Herzegovina,False,True,True,2014,World Cup (final tournament)
37859,2014-06-22,United States,Portugal,2,2,FIFA World Cup,Manaus,Brazil,True,2014,2010,4,0,0,draw,True,False,False,,,False,True,True,2014,World Cup (final tournament)
37860,2014-06-22,South Korea,Algeria,2,4,FIFA World Cup,Porto Alegre,Brazil,True,2014,2010,6,-2,2,away_win,False,False,True,Algeria,South Korea,False,True,True,2014,World Cup (final tournament)
37862,2014-06-22,Belgium,Russia,1,0,FIFA World Cup,Rio de Janeiro,Brazil,True,2014,2010,1,1,1,home_win,False,True,False,Belgium,Russia,False,True,True,2014,World Cup (final tournament)
37863,2014-06-23,Australia,Spain,0,3,FIFA World Cup,Curitiba,Brazil,True,2014,2010,3,-3,3,away_win,False,False,True,Spain,Australia,True,True,True,2014,World Cup (final tournament)
37864,2014-06-23,Brazil,Cameroon,4,1,FIFA World Cup,Brasília,Brazil,False,2014,2010,5,3,3,home_win,False,True,False,Brazil,Cameroon,True,False,True,2014,World Cup (final tournament)
37865,2014-06-23,Croatia,Mexico,1,3,FIFA World Cup,Recife,Brazil,True,2014,2010,4,-2,2,away_win,False,False,True,Mexico,Croatia,False,True,True,2014,World Cup (final tournament)
37866,2014-06-23,Netherlands,Chile,2,0,FIFA World Cup,São Paulo,Brazil,True,2014,2010,2,2,2,home_win,False,True,False,Netherlands,Chile,False,True,True,2014,World Cup (final tournament)
37867,2014-06-24,Costa Rica,England,0,0,FIFA World Cup,Belo Horizonte,Brazil,True,2014,2010,0,0,0,draw,True,False,False,,,False,True,True,2014,World Cup (final tournament)
37868,2014-06-24,Greece,Ivory Coast,2,1,FIFA World Cup,Fortaleza,Brazil,True,2014,2010,3,1,1,home_win,False,True,False,Greece,Ivory Coast,False,True,True,2014,World Cup (final tournament)
37869,2014-06-24,Italy,Uruguay,0,1,FIFA World Cup,Natal,Brazil,True,2014,2010,1,-1,1,away_win,False,False,True,Uruguay,Italy,False,True,True,2014,World Cup (final tournament)
37870,2014-06-24,Japan,Colombia,1,4,FIFA World Cup,Cuiabá,Brazil,True,2014,2010,5,-3,3,away_win,False,False,True,Colombia,Japan,True,True,True,2014,World Cup (final tournament)
37872,2014-06-25,Honduras,Switzerland,0,3,FIFA World Cup,Manaus,Brazil,True,2014,2010,3,-3,3,away_win,False,False,True,Switzerland,Honduras,True,True,True,2014,World Cup (final tournament)
37873,2014-06-25,Nigeria,Argentina,2,3,FIFA World Cup,Porto Alegre,Brazil,True,2014,2010,5,-1,1,away_win,False,False,True,Argentina,Nigeria,False,True,True,2014,World Cup (final tournament)
37874,2014-06-25,Bosnia and Herzegovina,Iran,3,1,FIFA World Cup,Salvador,Brazil,True,2014,2010,4,2,2,home_win,False,True,False,Bosnia and Herzegovina,Iran,False,True,True,2014,World Cup (final tournament)
37875,2014-06-25,Ecuador,France,0,0,FIFA World Cup,Rio de Janeiro,Brazil,True,2014,2010,0,0,0,draw,True,False,False,,,False,True,True,2014,World Cup (final tournament)
37876,2014-06-26,Algeria,Russia,1,1,FIFA World Cup,Curitiba,Brazil,True,2014,2010,2,0,0,draw,True,False,False,,,False,True,True,2014,World Cup (final tournament)
37877,2014-06-26,South Korea,Belgium,0,1,FIFA World Cup,São Paulo,Brazil,True,2014,2010,1,-1,1,away_win,False,False,True,Belgium,South Korea,False,True,True,2014,World Cup (final tournament)
37878,2014-06-26,Portugal,Ghana,2,1,FIFA World Cup,Brasília,Brazil,True,2014,2010,3,1,1,home_win,False,True,False,Portugal,Ghana,False,True,True,2014,World Cup (final tournament)
37879,2014-06-26,United States,Germany,0,1,FIFA World Cup,Recife,Brazil,True,2014,2010,1,-1,1,away_win,False,False,True,Germany,United States,False,True,True,2014,World Cup (final tournament)
37880,2014-06-28,Brazil,Chile,1,1,FIFA World Cup,Belo Horizonte,Brazil,False,2014,2010,2,0,0,draw,True,False,False,,,False,False,True,2014,World Cup (final tournament)
37881,2014-06-28,Colombia,Uruguay,2,0,FIFA World Cup,Rio de Janeiro,Brazil,True,2014,2010,2,2,2,home_win,False,True,False,Colombia,Uruguay,False,True,True,2014,World Cup (final tournament)
37882,2014-06-29,Costa Rica,Greece,1,1,FIFA World Cup,Recife,Brazil,True,2014,2010,2,0,0,draw,True,False,False,,,False,True,True,2014,World Cup (final tournament)
37883,2014-06-29,Netherlands,Mexico,2,1,FIFA World Cup,Fortaleza,Brazil,True,2014,2010,3,1,1,home_win,False,True,False,Netherlands,Mexico,False,True,True,2014,World Cup (final tournament)
37885,2014-06-30,France,Nigeria,2,0,FIFA World Cup,Brasília,Brazil,True,2014,2010,2,2,2,home_win,False,True,False,France,Nigeria,False,True,True,2014,World Cup (final tournament)
37886,2014-06-30,Germany,Algeria,2,1,FIFA World Cup,Porto Alegre,Brazil,True,2014,2010,3,1,1,home_win,False,True,False,Germany,Algeria,False,True,True,2014,World Cup (final tournament)
37887,2014-07-01,Argentina,Switzerland,1,0,FIFA World Cup,São Paulo,Brazil,True,2014,2010,1,1,1,home_win,False,True,False,Argentina,Switzerland,False,True,True,2014,World Cup (final tournament)
37888,2014-07-01,Belgium,United States,2,1,FIFA World Cup,Salvador,Brazil,True,2014,2010,3,1,1,home_win,False,True,False,Belgium,United States,False,True,True,2014,World Cup (final tournament)
37890,2014-07-04,Brazil,Colombia,2,1,FIFA World Cup,Fortaleza,Brazil,False,2014,2010,3,1,1,home_win,False,True,False,Brazil,Colombia,False,False,True,2014,World Cup (final tournament)
37891,2014-07-04,France,Germany,0,1,FIFA World Cup,Rio de Janeiro,Brazil,True,2014,2010,1,-1,1,away_win,False,False,True,Germany,France,False,True,True,2014,World Cup (final tournament)
37892,2014-07-05,Argentina,Belgium,1,0,FIFA World Cup,Brasília,Brazil,True,2014,2010,1,1,1,home_win,False,True,False,Argentina,Belgium,False,True,True,2014,World Cup (final tournament)
37893,2014-07-05,Netherlands,Costa Rica,0,0,FIFA World Cup,Salvador,Brazil,True,2014,2010,0,0,0,draw,True,False,False,,,False,True,True,2014,World Cup (final tournament)
37895,2014-07-08,Brazil,Germany,1,7,FIFA World Cup,Belo Horizonte,Brazil,False,2014,2010,8,-6,6,away_win,False,False,True,Germany,Brazil,True,False,True,2014,World Cup (final tournament)
37896,2014-07-09,Netherlands,Argentina,0,0,FIFA World Cup,São Paulo,Brazil,True,2014,2010,0,0,0,draw,True,False,False,,,False,True,True,2014,World Cup (final tournament)
37898,2014-07-12,Brazil,Netherlands,0,3,FIFA World Cup,Brasília,Brazil,False,2014,2010,3,-3,3,away_win,False,False,True,Netherlands,Brazil,True,False,True,2014,World Cup (final tournament)
37900,2014-07-13,Germany,Argentina,1,0,FIFA World Cup,Rio de Janeiro,Brazil,True,2014,2010,1,1,1,home_win,False,True,False,Germany,Argentina,False,True,True,2014,World Cup (final tournament)
41606,2018-06-14,Russia,Saudi Arabia,5,0,FIFA World Cup,Moscow,Russia,False,2018,2010,5,5,5,home_win,False,True,False,Russia,Saudi Arabia,True,False,True,2018,World Cup (final tournament)
41607,2018-06-15,Egypt,Uruguay,0,1,FIFA World Cup,Ekaterinburg,Russia,True,2018,2010,1,-1,1,away_win,False,False,True,Uruguay,Egypt,False,True,True,2018,World Cup (final tournament)
41608,2018-06-15,Morocco,Iran,0,1,FIFA World Cup,Saint Petersburg,Russia,True,2018,2010,1,-1,1,away_win,False,False,True,Iran,Morocco,False,True,True,2018,World Cup (final tournament)
41609,2018-06-15,Portugal,Spain,3,3,FIFA World Cup,Sochi,Russia,True,2018,2010,6,0,0,draw,True,False,False,,,False,True,True,2018,World Cup (final tournament)
41610,2018-06-16,France,Australia,2,1,FIFA World Cup,Kazan,Russia,True,2018,2010,3,1,1,home_win,False,True,False,France,Australia,False,True,True,2018,World Cup (final tournament)
41611,2018-06-16,Argentina,Iceland,1,1,FIFA World Cup,Moscow,Russia,True,2018,2010,2,0,0,draw,True,False,False,,,False,True,True,2018,World Cup (final tournament)
41612,2018-06-16,Peru,Denmark,0,1,FIFA World Cup,Saransk,Russia,True,2018,2010,1,-1,1,away_win,False,False,True,Denmark,Peru,False,True,True,2018,World Cup (final tournament)
41613,2018-06-16,Croatia,Nigeria,2,0,FIFA World Cup,Kaliningrad,Russia,True,2018,2010,2,2,2,home_win,False,True,False,Croatia,Nigeria,False,True,True,2018,World Cup (final tournament)
41614,2018-06-17,Costa Rica,Serbia,0,1,FIFA World Cup,Samara,Russia,True,2018,2010,1,-1,1,away_win,False,False,True,Serbia,Costa Rica,False,True,True,2018,World Cup (final tournament)
41615,2018-06-17,Germany,Mexico,0,1,FIFA World Cup,Moscow,Russia,True,2018,2010,1,-1,1,away_win,False,False,True,Mexico,Germany,False,True,True,2018,World Cup (final tournament)
41616,2018-06-17,Brazil,Switzerland,1,1,FIFA World Cup,Rostov-on-Don,Russia,True,2018,2010,2,0,0,draw,True,False,False,,,False,True,True,2018,World Cup (final tournament)
41617,2018-06-18,Tunisia,England,1,2,FIFA World Cup,Volgograd,Russia,True,2018,2010,3,-1,1,away_win,False,False,True,England,Tunisia,False,True,True,2018,World Cup (final tournament)
41618,2018-06-18,Sweden,South Korea,1,0,FIFA World Cup,Nizhny Novgorod,Russia,True,2018,2010,1,1,1,home_win,False,True,False,Sweden,South Korea,False,True,True,2018,World Cup (final tournament)
41619,2018-06-18,Belgium,Panama,3,0,FIFA World Cup,Sochi,Russia,True,2018,2010,3,3,3,home_win,False,True,False,Belgium,Panama,True,True,True,2018,World Cup (final tournament)
41620,2018-06-19,Colombia,Japan,1,2,FIFA World Cup,Saransk,Russia,True,2018,2010,3,-1,1,away_win,False,False,True,Japan,Colombia,False,True,True,2018,World Cup (final tournament)
41621,2018-06-19,Poland,Senegal,1,2,FIFA World Cup,Moscow,Russia,True,2018,2010,3,-1,1,away_win,False,False,True,Senegal,Poland,False,True,True,2018,World Cup (final tournament)
41622,2018-06-19,Russia,Egypt,3,1,FIFA World Cup,Saint Petersburg,Russia,False,2018,2010,4,2,2,home_win,False,True,False,Russia,Egypt,False,False,True,2018,World Cup (final tournament)
41623,2018-06-20,Portugal,Morocco,1,0,FIFA World Cup,Moscow,Russia,True,2018,2010,1,1,1,home_win,False,True,False,Portugal,Morocco,False,True,True,2018,World Cup (final tournament)
41624,2018-06-20,Uruguay,Saudi Arabia,1,0,FIFA World Cup,Rostov-on-Don,Russia,True,2018,2010,1,1,1,home_win,False,True,False,Uruguay,Saudi Arabia,False,True,True,2018,World Cup (final tournament)
41625,2018-06-20,Iran,Spain,0,1,FIFA World Cup,Kazan,Russia,True,2018,2010,1,-1,1,away_win,False,False,True,Spain,Iran,False,True,True,2018,World Cup (final tournament)
41626,2018-06-21,France,Peru,1,0,FIFA World Cup,Ekaterinburg,Russia,True,2018,2010,1,1,1,home_win,False,True,False,France,Peru,False,True,True,2018,World Cup (final tournament)
41627,2018-06-21,Argentina,Croatia,0,3,FIFA World Cup,Nizhny Novgorod,Russia,True,2018,2010,3,-3,3,away_win,False,False,True,Croatia,Argentina,True,True,True,2018,World Cup (final tournament)
41628,2018-06-21,Denmark,Australia,1,1,FIFA World Cup,Samara,Russia,True,2018,2010,2,0,0,draw,True,False,False,,,False,True,True,2018,World Cup (final tournament)
41629,2018-06-22,Brazil,Costa Rica,2,0,FIFA World Cup,Saint Petersburg,Russia,True,2018,2010,2,2,2,home_win,False,True,False,Brazil,Costa Rica,False,True,True,2018,World Cup (final tournament)
41630,2018-06-22,Nigeria,Iceland,2,0,FIFA World Cup,Volgograd,Russia,True,2018,2010,2,2,2,home_win,False,True,False,Nigeria,Iceland,False,True,True,2018,World Cup (final tournament)
41631,2018-06-22,Serbia,Switzerland,1,2,FIFA World Cup,Kaliningrad,Russia,True,2018,2010,3,-1,1,away_win,False,False,True,Switzerland,Serbia,False,True,True,2018,World Cup (final tournament)
41632,2018-06-23,Belgium,Tunisia,5,2,FIFA World Cup,Moscow,Russia,True,2018,2010,7,3,3,home_win,False,True,False,Belgium,Tunisia,True,True,True,2018,World Cup (final tournament)
41633,2018-06-23,South Korea,Mexico,1,2,FIFA World Cup,Rostov-on-Don,Russia,True,2018,2010,3,-1,1,away_win,False,False,True,Mexico,South Korea,False,True,True,2018,World Cup (final tournament)
41634,2018-06-23,Germany,Sweden,2,1,FIFA World Cup,Sochi,Russia,True,2018,2010,3,1,1,home_win,False,True,False,Germany,Sweden,False,True,True,2018,World Cup (final tournament)
41635,2018-06-24,Poland,Colombia,0,3,FIFA World Cup,Kazan,Russia,True,2018,2010,3,-3,3,away_win,False,False,True,Colombia,Poland,True,True,True,2018,World Cup (final tournament)
41636,2018-06-24,England,Panama,6,1,FIFA World Cup,Nizhny Novgorod,Russia,True,2018,2010,7,5,5,home_win,False,True,False,England,Panama,True,True,True,2018,World Cup (final tournament)
41637,2018-06-24,Japan,Senegal,2,2,FIFA World Cup,Ekaterinburg,Russia,True,2018,2010,4,0,0,draw,True,False,False,,,False,True,True,2018,World Cup (final tournament)
41638,2018-06-25,Spain,Morocco,2,2,FIFA World Cup,Kaliningrad,Russia,True,2018,2010,4,0,0,draw,True,False,False,,,False,True,True,2018,World Cup (final tournament)
41639,2018-06-25,Iran,Portugal,1,1,FIFA World Cup,Saransk,Russia,True,2018,2010,2,0,0,draw,True,False,False,,,False,True,True,2018,World Cup (final tournament)
41640,2018-06-25,Russia,Uruguay,0,3,FIFA World Cup,Samara,Russia,False,2018,2010,3,-3,3,away_win,False,False,True,Uruguay,Russia,True,False,True,2018,World Cup (final tournament)
41641,2018-06-25,Saudi Arabia,Egypt,2,1,FIFA World Cup,Volgograd,Russia,True,2018,2010,3,1,1,home_win,False,True,False,Saudi Arabia,Egypt,False,True,True,2018,World Cup (final tournament)
41642,2018-06-26,Australia,Peru,0,2,FIFA World Cup,Sochi,Russia,True,2018,2010,2,-2,2,away_win,False,False,True,Peru,Australia,False,True,True,2018,World Cup (final tournament)
41643,2018-06-26,Denmark,France,0,0,FIFA World Cup,Moscow,Russia,True,2018,2010,0,0,0,draw,True,False,False,,,False,True,True,2018,World Cup (final tournament)
41644,2018-06-26,Nigeria,Argentina,1,2,FIFA World Cup,Saint Petersburg,Russia,True,2018,2010,3,-1,1,away_win,False,False,True,Argentina,Nigeria,False,True,True,2018,World Cup (final tournament)
41645,2018-06-26,Iceland,Croatia,1,2,FIFA World Cup,Rostov-on-Don,Russia,True,2018,2010,3,-1,1,away_win,False,False,True,Croatia,Iceland,False,True,True,2018,World Cup (final tournament)
41646,2018-06-27,South Korea,Germany,2,0,FIFA World Cup,Kazan,Russia,True,2018,2010,2,2,2,home_win,False,True,False,South Korea,Germany,False,True,True,2018,World Cup (final tournament)
41647,2018-06-27,Mexico,Sweden,0,3,FIFA World Cup,Ekaterinburg,Russia,True,2018,2010,3,-3,3,away_win,False,False,True,Sweden,Mexico,True,True,True,2018,World Cup (final tournament)
41648,2018-06-27,Serbia,Brazil,0,2,FIFA World Cup,Moscow,Russia,True,2018,2010,2,-2,2,away_win,False,False,True,Brazil,Serbia,False,True,True,2018,World Cup (final tournament)
41649,2018-06-27,Switzerland,Costa Rica,2,2,FIFA World Cup,Nizhny Novgorod,Russia,True,2018,2010,4,0,0,draw,True,False,False,,,False,True,True,2018,World Cup (final tournament)
41650,2018-06-28,England,Belgium,0,1,FIFA World Cup,Kaliningrad,Russia,True,2018,2010,1,-1,1,away_win,False,False,True,Belgium,England,False,True,True,2018,World Cup (final tournament)
41651,2018-06-28,Panama,Tunisia,1,2,FIFA World Cup,Saransk,Russia,True,2018,2010,3,-1,1,away_win,False,False,True,Tunisia,Panama,False,True,True,2018,World Cup (final tournament)
41652,2018-06-28,Senegal,Colombia,0,1,FIFA World Cup,Samara,Russia,True,2018,2010,1,-1,1,away_win,False,False,True,Colombia,Senegal,False,True,True,2018,World Cup (final tournament)
41653,2018-06-28,Japan,Poland,0,1,FIFA World Cup,Volgograd,Russia,True,2018,2010,1,-1,1,away_win,False,False,True,Poland,Japan,False,True,True,2018,World Cup (final tournament)
41654,2018-06-30,France,Argentina,4,3,FIFA World Cup,Kazan,Russia,True,2018,2010,7,1,1,home_win,False,True,False,France,Argentina,False,True,True,2018,World Cup (final tournament)
41655,2018-06-30,Uruguay,Portugal,2,1,FIFA World Cup,Sochi,Russia,True,2018,2010,3,1,1,home_win,False,True,False,Uruguay,Portugal,False,True,True,2018,World Cup (final tournament)
41656,2018-07-01,Russia,Spain,1,1,FIFA World Cup,Moscow,Russia,False,2018,2010,2,0,0,draw,True,False,False,,,False,False,True,2018,World Cup (final tournament)
41657,2018-07-01,Croatia,Denmark,1,1,FIFA World Cup,Nizhny Novgorod,Russia,True,2018,2010,2,0,0,draw,True,False,False,,,False,True,True,2018,World Cup (final tournament)
41658,2018-07-02,Brazil,Mexico,2,0,FIFA World Cup,Samara,Russia,True,2018,2010,2,2,2,home_win,False,True,False,Brazil,Mexico,False,True,True,2018,World Cup (final tournament)
41659,2018-07-02,Belgium,Japan,3,2,FIFA World Cup,Rostov-on-Don,Russia,True,2018,2010,5,1,1,home_win,False,True,False,Belgium,Japan,False,True,True,2018,World Cup (final tournament)
41660,2018-07-03,Colombia,England,1,1,FIFA World Cup,Moscow,Russia,True,2018,2010,2,0,0,draw,True,False,False,,,False,True,True,2018,World Cup (final tournament)
41661,2018-07-03,Sweden,Switzerland,1,0,FIFA World Cup,Saint Petersburg,Russia,True,2018,2010,1,1,1,home_win,False,True,False,Sweden,Switzerland,False,True,True,2018,World Cup (final tournament)
41663,2018-07-06,Brazil,Belgium,1,2,FIFA World Cup,Kazan,Russia,True,2018,2010,3,-1,1,away_win,False,False,True,Belgium,Brazil,False,True,True,2018,World Cup (final tournament)
41664,2018-07-06,Uruguay,France,0,2,FIFA World Cup,Nizhny Novgorod,Russia,True,2018,2010,2,-2,2,away_win,False,False,True,France,Uruguay,False,True,True,2018,World Cup (final tournament)
41665,2018-07-07,Sweden,England,0,2,FIFA World Cup,Samara,Russia,True,2018,2010,2,-2,2,away_win,False,False,True,England,Sweden,False,True,True,2018,World Cup (final tournament)
41666,2018-07-07,Russia,Croatia,2,2,FIFA World Cup,Sochi,Russia,False,2018,2010,4,0,0,draw,True,False,False,,,False,False,True,2018,World Cup (final tournament)
41667,2018-07-10,France,Belgium,1,0,FIFA World Cup,Saint Petersburg,Russia,True,2018,2010,1,1,1,home_win,False,True,False,France,Belgium,False,True,True,2018,World Cup (final tournament)
41668,2018-07-11,Croatia,England,2,1,FIFA World Cup,Moscow,Russia,True,2018,2010,3,1,1,home_win,False,True,False,Croatia,England,False,True,True,2018,World Cup (final tournament)
41669,2018-07-14,Belgium,England,2,0,FIFA World Cup,Saint Petersburg,Russia,True,2018,2010,2,2,2,home_win,False,True,False,Belgium,England,False,True,True,2018,World Cup (final tournament)
41670,2018-07-15,France,Croatia,4,2,FIFA World Cup,Moscow,Russia,True,2018,2010,6,2,2,home_win,False,True,False,France,Croatia,False,True,True,2018,World Cup (final tournament)
45674,2022-11-20,Qatar,Ecuador,0,2,FIFA World Cup,Al Khor,Qatar,False,2022,2020,2,-2,2,away_win,False,False,True,Ecuador,Qatar,False,False,True,2022,World Cup (final tournament)
45682,2022-11-21,United States,Wales,1,1,FIFA World Cup,Al Rayyan,Qatar,True,2022,2020,2,0,0,draw,True,False,False,,,False,True,True,2022,World Cup (final tournament)
45683,2022-11-21,England,Iran,6,2,FIFA World Cup,Al Rayyan,Qatar,True,2022,2020,8,4,4,home_win,False,True,False,England,Iran,True,True,True,2022,World Cup (final tournament)
45684,2022-11-21,Senegal,Netherlands,0,2,FIFA World Cup,Doha,Qatar,True,2022,2020,2,-2,2,away_win,False,False,True,Netherlands,Senegal,False,True,True,2022,World Cup (final tournament)
45685,2022-11-22,Argentina,Saudi Arabia,1,2,FIFA World Cup,Lusail,Qatar,True,2022,2020,3,-1,1,away_win,False,False,True,Saudi Arabia,Argentina,False,True,True,2022,World Cup (final tournament)
45686,2022-11-22,Mexico,Poland,0,0,FIFA World Cup,Doha,Qatar,True,2022,2020,0,0,0,draw,True,False,False,,,False,True,True,2022,World Cup (final tournament)
45687,2022-11-22,Denmark,Tunisia,0,0,FIFA World Cup,Al Rayyan,Qatar,True,2022,2020,0,0,0,draw,True,False,False,,,False,True,True,2022,World Cup (final tournament)
45688,2022-11-22,France,Australia,4,1,FIFA World Cup,Al Wakrah,Qatar,True,2022,2020,5,3,3,home_win,False,True,False,France,Australia,True,True,True,2022,World Cup (final tournament)
45689,2022-11-23,Germany,Japan,1,2,FIFA World Cup,Al Rayyan,Qatar,True,2022,2020,3,-1,1,away_win,False,False,True,Japan,Germany,False,True,True,2022,World Cup (final tournament)
45690,2022-11-23,Spain,Costa Rica,7,0,FIFA World Cup,Doha,Qatar,True,2022,2020,7,7,7,home_win,False,True,False,Spain,Costa Rica,True,True,True,2022,World Cup (final tournament)
45691,2022-11-23,Morocco,Croatia,0,0,FIFA World Cup,Al Khor,Qatar,True,2022,2020,0,0,0,draw,True,False,False,,,False,True,True,2022,World Cup (final tournament)
45692,2022-11-23,Belgium,Canada,1,0,FIFA World Cup,Al Rayyan,Qatar,True,2022,2020,1,1,1,home_win,False,True,False,Belgium,Canada,False,True,True,2022,World Cup (final tournament)
45693,2022-11-24,Portugal,Ghana,3,2,FIFA World Cup,Doha,Qatar,True,2022,2020,5,1,1,home_win,False,True,False,Portugal,Ghana,False,True,True,2022,World Cup (final tournament)
45694,2022-11-24,Switzerland,Cameroon,1,0,FIFA World Cup,Al Wakrah,Qatar,True,2022,2020,1,1,1,home_win,False,True,False,Switzerland,Cameroon,False,True,True,2022,World Cup (final tournament)
45695,2022-11-24,Brazil,Serbia,2,0,FIFA World Cup,Lusail,Qatar,True,2022,2020,2,2,2,home_win,False,True,False,Brazil,Serbia,False,True,True,2022,World Cup (final tournament)
45696,2022-11-24,Uruguay,South Korea,0,0,FIFA World Cup,Al Rayyan,Qatar,True,2022,2020,0,0,0,draw,True,False,False,,,False,True,True,2022,World Cup (final tournament)
45697,2022-11-25,England,United States,0,0,FIFA World Cup,Al Khor,Qatar,True,2022,2020,0,0,0,draw,True,False,False,,,False,True,True,2022,World Cup (final tournament)
45698,2022-11-25,Wales,Iran,0,2,FIFA World Cup,Al Rayyan,Qatar,True,2022,2020,2,-2,2,away_win,False,False,True,Iran,Wales,False,True,True,2022,World Cup (final tournament)
45699,2022-11-25,Qatar,Senegal,1,3,FIFA World Cup,Doha,Qatar,False,2022,2020,4,-2,2,away_win,False,False,True,Senegal,Qatar,False,False,True,2022,World Cup (final tournament)
45700,2022-11-25,Netherlands,Ecuador,1,1,FIFA World Cup,Al Rayyan,Qatar,True,2022,2020,2,0,0,draw,True,False,False,,,False,True,True,2022,World Cup (final tournament)
45701,2022-11-26,Poland,Saudi Arabia,2,0,FIFA World Cup,Al Rayyan,Qatar,True,2022,2020,2,2,2,home_win,False,True,False,Poland,Saudi Arabia,False,True,True,2022,World Cup (final tournament)
45702,2022-11-26,Argentina,Mexico,2,0,FIFA World Cup,Lusail,Qatar,True,2022,2020,2,2,2,home_win,False,True,False,Argentina,Mexico,False,True,True,2022,World Cup (final tournament)
45703,2022-11-26,Tunisia,Australia,0,1,FIFA World Cup,Al Wakrah,Qatar,True,2022,2020,1,-1,1,away_win,False,False,True,Australia,Tunisia,False,True,True,2022,World Cup (final tournament)
45704,2022-11-26,France,Denmark,2,1,FIFA World Cup,Doha,Qatar,True,2022,2020,3,1,1,home_win,False,True,False,France,Denmark,False,True,True,2022,World Cup (final tournament)
45705,2022-11-27,Belgium,Morocco,0,2,FIFA World Cup,Doha,Qatar,True,2022,2020,2,-2,2,away_win,False,False,True,Morocco,Belgium,False,True,True,2022,World Cup (final tournament)
45706,2022-11-27,Japan,Costa Rica,0,1,FIFA World Cup,Al Rayyan,Qatar,True,2022,2020,1,-1,1,away_win,False,False,True,Costa Rica,Japan,False,True,True,2022,World Cup (final tournament)
45707,2022-11-27,Spain,Germany,1,1,FIFA World Cup,Al Khor,Qatar,True,2022,2020,2,0,0,draw,True,False,False,,,False,True,True,2022,World Cup (final tournament)
45708,2022-11-27,Croatia,Canada,4,1,FIFA World Cup,Al Rayyan,Qatar,True,2022,2020,5,3,3,home_win,False,True,False,Croatia,Canada,True,True,True,2022,World Cup (final tournament)
45709,2022-11-28,Portugal,Uruguay,2,0,FIFA World Cup,Lusail,Qatar,True,2022,2020,2,2,2,home_win,False,True,False,Portugal,Uruguay,False,True,True,2022,World Cup (final tournament)
45710,2022-11-28,South Korea,Ghana,2,3,FIFA World Cup,Al Rayyan,Qatar,True,2022,2020,5,-1,1,away_win,False,False,True,Ghana,South Korea,False,True,True,2022,World Cup (final tournament)
45711,2022-11-28,Cameroon,Serbia,3,3,FIFA World Cup,Al Wakrah,Qatar,True,2022,2020,6,0,0,draw,True,False,False,,,False,True,True,2022,World Cup (final tournament)
45712,2022-11-28,Brazil,Switzerland,1,0,FIFA World Cup,Doha,Qatar,True,2022,2020,1,1,1,home_win,False,True,False,Brazil,Switzerland,False,True,True,2022,World Cup (final tournament)
45713,2022-11-29,Ecuador,Senegal,1,2,FIFA World Cup,Al Rayyan,Qatar,True,2022,2020,3,-1,1,away_win,False,False,True,Senegal,Ecuador,False,True,True,2022,World Cup (final tournament)
45714,2022-11-29,Qatar,Netherlands,0,2,FIFA World Cup,Al Khor,Qatar,False,2022,2020,2,-2,2,away_win,False,False,True,Netherlands,Qatar,False,False,True,2022,World Cup (final tournament)
45715,2022-11-29,Wales,England,0,3,FIFA World Cup,Al Rayyan,Qatar,True,2022,2020,3,-3,3,away_win,False,False,True,England,Wales,True,True,True,2022,World Cup (final tournament)
45716,2022-11-29,Iran,United States,0,1,FIFA World Cup,Doha,Qatar,True,2022,2020,1,-1,1,away_win,False,False,True,United States,Iran,False,True,True,2022,World Cup (final tournament)
45717,2022-11-30,Poland,Argentina,0,2,FIFA World Cup,Doha,Qatar,True,2022,2020,2,-2,2,away_win,False,False,True,Argentina,Poland,False,True,True,2022,World Cup (final tournament)
45718,2022-11-30,Saudi Arabia,Mexico,1,2,FIFA World Cup,Lusail,Qatar,True,2022,2020,3,-1,1,away_win,False,False,True,Mexico,Saudi Arabia,False,True,True,2022,World Cup (final tournament)
45719,2022-11-30,Australia,Denmark,1,0,FIFA World Cup,Al Wakrah,Qatar,True,2022,2020,1,1,1,home_win,False,True,False,Australia,Denmark,False,True,True,2022,World Cup (final tournament)
45720,2022-11-30,Tunisia,France,1,0,FIFA World Cup,Al Rayyan,Qatar,True,2022,2020,1,1,1,home_win,False,True,False,Tunisia,France,False,True,True,2022,World Cup (final tournament)
45721,2022-12-01,Canada,Morocco,1,2,FIFA World Cup,Doha,Qatar,True,2022,2020,3,-1,1,away_win,False,False,True,Morocco,Canada,False,True,True,2022,World Cup (final tournament)
45722,2022-12-01,Croatia,Belgium,0,0,FIFA World Cup,Al Rayyan,Qatar,True,2022,2020,0,0,0,draw,True,False,False,,,False,True,True,2022,World Cup (final tournament)
45723,2022-12-01,Japan,Spain,2,1,FIFA World Cup,Al Rayyan,Qatar,True,2022,2020,3,1,1,home_win,False,True,False,Japan,Spain,False,True,True,2022,World Cup (final tournament)
45724,2022-12-01,Costa Rica,Germany,2,4,FIFA World Cup,Al Khor,Qatar,True,2022,2020,6,-2,2,away_win,False,False,True,Germany,Costa Rica,False,True,True,2022,World Cup (final tournament)
45725,2022-12-02,Serbia,Switzerland,2,3,FIFA World Cup,Doha,Qatar,True,2022,2020,5,-1,1,away_win,False,False,True,Switzerland,Serbia,False,True,True,2022,World Cup (final tournament)
45726,2022-12-02,Cameroon,Brazil,1,0,FIFA World Cup,Lusail,Qatar,True,2022,2020,1,1,1,home_win,False,True,False,Cameroon,Brazil,False,True,True,2022,World Cup (final tournament)
45727,2022-12-02,Ghana,Uruguay,0,2,FIFA World Cup,Al Wakrah,Qatar,True,2022,2020,2,-2,2,away_win,False,False,True,Uruguay,Ghana,False,True,True,2022,World Cup (final tournament)
45728,2022-12-02,South Korea,Portugal,2,1,FIFA World Cup,Al Rayyan,Qatar,True,2022,2020,3,1,1,home_win,False,True,False,South Korea,Portugal,False,True,True,2022,World Cup (final tournament)
45729,2022-12-03,Netherlands,United States,3,1,FIFA World Cup,Al Rayyan,Qatar,True,2022,2020,4,2,2,home_win,False,True,False,Netherlands,United States,False,True,True,2022,World Cup (final tournament)
45730,2022-12-03,Argentina,Australia,2,1,FIFA World Cup,Al Rayyan,Qatar,True,2022,2020,3,1,1,home_win,False,True,False,Argentina,Australia,False,True,True,2022,World Cup (final tournament)
45731,2022-12-04,France,Poland,3,1,FIFA World Cup,Doha,Qatar,True,2022,2020,4,2,2,home_win,False,True,False,France,Poland,False,True,True,2022,World Cup (final tournament)
45732,2022-12-04,England,Senegal,3,0,FIFA World Cup,Al Khor,Qatar,True,2022,2020,3,3,3,home_win,False,True,False,England,Senegal,True,True,True,2022,World Cup (final tournament)
45733,2022-12-05,Brazil,South Korea,4,1,FIFA World Cup,Doha,Qatar,True,2022,2020,5,3,3,home_win,False,True,False,Brazil,South Korea,True,True,True,2022,World Cup (final tournament)
45734,2022-12-05,Japan,Croatia,1,1,FIFA World Cup,Al Wakrah,Qatar,True,2022,2020,2,0,0,draw,True,False,False,,,False,True,True,2022,World Cup (final tournament)
45735,2022-12-06,Portugal,Switzerland,6,1,FIFA World Cup,Lusail,Qatar,True,2022,2020,7,5,5,home_win,False,True,False,Portugal,Switzerland,True,True,True,2022,World Cup (final tournament)
45736,2022-12-06,Morocco,Spain,0,0,FIFA World Cup,Al Rayyan,Qatar,True,2022,2020,0,0,0,draw,True,False,False,,,False,True,True,2022,World Cup (final tournament)
45737,2022-12-09,Croatia,Brazil,1,1,FIFA World Cup,Al Rayyan,Qatar,True,2022,2020,2,0,0,draw,True,False,False,,,False,True,True,2022,World Cup (final tournament)
45738,2022-12-09,Netherlands,Argentina,2,2,FIFA World Cup,Lusail,Qatar,True,2022,2020,4,0,0,draw,True,False,False,,,False,True,True,2022,World Cup (final tournament)
45740,2022-12-10,Morocco,Portugal,1,0,FIFA World Cup,Doha,Qatar,True,2022,2020,1,1,1,home_win,False,True,False,Morocco,Portugal,False,True,True,2022,World Cup (final tournament)
45741,2022-12-10,England,France,1,2,FIFA World Cup,Al Khor,Qatar,True,2022,2020,3,-1,1,away_win,False,False,True,France,England,False,True,True,2022,World Cup (final tournament)
45743,2022-12-13,Argentina,Croatia,3,0,FIFA World Cup,Lusail,Qatar,True,2022,2020,3,3,3,home_win,False,True,False,Argentina,Croatia,True,True,True,2022,World Cup (final tournament)
45744,2022-12-14,France,Morocco,2,0,FIFA World Cup,Al Khor,Qatar,True,2022,2020,2,2,2,home_win,False,True,False,France,Morocco,False,True,True,2022,World Cup (final tournament)
45749,2022-12-17,Croatia,Morocco,2,1,FIFA World Cup,Al Rayyan,Qatar,True,2022,2020,3,1,1,home_win,False,True,False,Croatia,Morocco,False,True,True,2022,World Cup (final tournament)
45750,2022-12-18,Argentina,France,3,3,FIFA World Cup,Lusail,Qatar,True,2022,2020,6,0,0,draw,True,False,False,,,False,True,True,2022,World Cup (final tournament)
